"","ID","Description","GeneRatio","BgRatio","RichFactor","FoldEnrichment","zScore","pvalue","p.adjust","qvalue","geneID","Count"
"GO:0045296","GO:0045296","cadherin binding","126/3777","334/18737",0.377245508982036,1.87144535393074,8.07449209480245,6.04606317858039e-14,7.53944078368974e-11,6.4979268477164e-11,"2023/26135/8407/5317/3898/5214/3688/57698/9531/23075/55742/3939/392/85456/79026/2011/10938/64837/2017/4361/23085/9052/8496/5318/51474/3875/6128/10985/5901/3895/5663/1983/7082/29766/302/5315/4756/6187/5493/26156/11273/226/51031/7531/5216/23164/22905/6147/8851/3927/3728/55379/2125/10801/10458/2194/1453/4854/53827/10298/10848/7408/5794/10890/6711/57142/5861/822/114793/8502/3655/29789/55854/6772/4430/471/26058/9208/3069/4735/10528/27131/6714/5770/11135/5905/11252/6138/6159/2317/6152/90102/8607/83939/151963/10606/6164/831/23367/9685/1627/10399/3326/6624/28969/989/1956/7458/55971/800/1015/7534/3646/50807/10397/1936/5339/23513/55833/7094/3190/64855/1968/1654/3054/2316",126
"GO:0003735","GO:0003735","structural constituent of ribosome","77/3777","175/18737",0.44,2.18275880328303,7.89857895721645,6.51089840843833e-13,4.0595451576613e-10,3.4987511973766e-10,"6146/6202/6125/54460/79590/6229/6150/63875/6157/6207/6188/6230/6171/28977/6128/6175/6144/122704/6235/51187/51065/6176/6218/65993/6187/6210/6137/6154/6147/84311/6143/6155/51649/6169/51081/6139/25873/6142/7311/6217/6223/23521/6205/6203/6193/6233/64969/51263/6160/6227/6161/6138/6159/6152/200916/6165/6164/6189/6167/6228/6208/4736/6206/64983/51373/29088/6129/6156/6132/6194/11224/6136/51116/100008587/6170/6134/6192",77
"GO:0140098","GO:0140098","catalytic activity, acting on RNA","129/3777","397/18737",0.324937027707809,1.61195263123146,6.19240751046305,3.56434592565082e-09,1.48157978976219e-06,1.27691129476824e-06,"126789/79033/113802/10352/1660/6894/64216/1787/9188/6832/11128/118672/85463/28960/4839/10436/440081/51202/9416/91298/79039/283459/57696/57647/317781/255967/79587/85495/328/283/56339/112487/23405/115708/56986/80119/115752/54913/3669/51728/5073/124454/79068/54920/28987/11269/3735/79066/5430/1973/60528/201164/54890/79922/1659/79665/51651/11325/117246/2081/1655/9775/284131/146712/5442/56931/81890/55621/10775/54938/2091/56915/9704/246243/1653/391356/55006/80745/87178/150962/25885/84172/8886/79712/29081/79828/92935/55139/10056/129563/10621/92675/22803/171568/51095/25917/80746/201626/54931/54464/170506/25819/54888/6897/23517/27292/10622/2107/51520/10146/9337/9533/2617/54606/114049/56257/54517/90459/29883/10247/27161/10171/79670/3376/23404/64794/1654/24140/8653",129
"GO:0140297","GO:0140297","DNA-binding transcription factor binding","151/3777","488/18737",0.309426229508197,1.53500642369475,6.01721468107879,7.41804805639458e-09,2.31257648158101e-06,1.99311238567865e-06,"4853/4209/1660/3087/64210/26287/55662/22984/6934/10579/1488/406/2965/10524/6188/10413/2113/2288/11331/23710/85004/79365/904/3164/6667/11176/8091/6996/4801/79039/6926/5715/9612/6049/3146/688/170622/7027/5687/4792/3091/4149/2957/161582/6938/9325/4088/25942/9915/4205/30812/79447/6911/9739/79918/11060/5187/9611/3728/2648/6777/6774/50964/10014/80279/54828/6909/1655/6662/23558/124512/5771/6875/4087/6929/6597/1050/1054/7392/81/22933/4294/602/84922/3398/6801/2034/307/84913/55818/10865/4929/6670/4780/5757/9759/57593/5111/8195/171023/8904/6714/8202/3275/7533/23543/468/9978/10766/5468/9730/27086/3280/10891/3516/5481/5307/10915/4869/3159/860/60/196/57057/5814/51085/2969/6717/29969/54892/29883/80139/6867/4683/7534/25879/10221/1936/115426/23081/3301/7091/7088/8013/5887/9314/10783/6256/190/3054/2316",151
"GO:0048027","GO:0048027","mRNA 5'-UTR binding","18/3777","24/18737",0.75,3.72061159650516,6.70110759978353,1.11194556367196e-08,2.77319223579788e-06,2.39009772738753e-06,"6125/6207/6171/26156/6154/4628/5914/10642/4691/26354/170506/6189/22948/6208/23367/10492/10643/1654",18
"GO:0019843","GO:0019843","rRNA binding","34/3777","66/18737",0.515151515151515,2.55557160163991,6.3609842305306,1.41178332473792e-08,2.93415634324697e-06,2.52882592027617e-06,"6125/27042/9188/6207/6188/10436/6175/2971/283/55272/51335/6147/51081/1153/56342/29997/6205/6203/6193/55037/92856/51776/130916/7263/55299/6167/23107/4869/84154/51373/90459/6132/6136/6192",34
"GO:0030515","GO:0030515","snoRNA binding","20/3777","32/18737",0.625,3.1005096637543,5.97539956765024,2.10385706665385e-07,3.74787108873908e-05,3.23013242865201e-05,"27042/55127/9188/11163/57647/26747/55272/3669/55720/55813/92856/51602/7520/10528/4809/9136/54433/55651/705/1736",20
"GO:0031625","GO:0031625","ubiquitin protein ligase binding","97/3777","301/18737",0.322259136212625,1.59866810569657,5.26116780832191,4.61776081942069e-07,6.27548494941637e-05,5.40857648533669e-05,"9636/65018/3716/5567/6125/10067/10613/55719/143384/54472/79899/4055/23710/10059/10376/5094/5036/10576/7316/23111/2308/8451/4792/3091/1734/4287/3320/7187/4091/4088/55070/8312/10273/29035/9810/4157/7531/1398/7326/409/11337/5430/55135/5187/9482/117584/22794/4591/5573/6613/71/55666/4087/4092/7311/2821/23640/10155/79677/10128/57142/6233/55120/550/4780/3329/841/7520/57761/81502/84557/23598/11078/9978/5905/6596/10891/3093/7345/819/3313/8878/3326/5071/1956/1191/7534/10221/3301/573/10783/7186/4281/30011/1741/7319/8450",97
"GO:0044389","GO:0044389","ubiquitin-like protein ligase binding","102/3777","321/18737",0.317757009345794,1.57633388512368,5.23329422141262,5.00075589569522e-07,6.27548494941637e-05,5.40857648533669e-05,"9636/65018/3716/5567/6125/10067/10613/55719/143384/54472/79899/4055/23710/10059/10376/5094/5036/10576/7316/23111/2308/8451/4792/3091/1734/4287/3320/7187/9325/4091/4088/55070/8312/10273/29035/9810/4157/7531/1398/7326/409/11337/5430/55135/5187/9482/117584/22794/80279/4591/5573/6613/71/55666/4087/4092/7311/2821/23640/10155/79677/10128/57142/6233/55120/550/4780/6772/3329/841/7520/57761/81502/84557/11065/1051/23598/11078/9978/5905/6596/10891/3093/7345/819/3313/8878/3326/5071/1956/1191/7534/10221/3301/573/10783/7186/4281/30011/1741/7319/8450",102
"GO:0090079","GO:0090079","translation regulator activity, nucleic acid binding","45/3777","110/18737",0.409090909090909,2.02942450718463,5.4408345911697,5.03246587763943e-07,6.27548494941637e-05,5.40857648533669e-05,"8672/8661/8665/10480/10658/1975/10985/8562/1967/1965/1983/51065/3658/2935/29904/1984/1973/5914/57409/9811/27335/8890/4528/1933/3692/8664/80325/83939/85476/1981/10605/2107/51247/23367/1915/8662/5814/7458/10987/26986/3646/27161/1936/1964/1968",45
"GO:0061629","GO:0061629","RNA polymerase II-specific DNA-binding transcription factor binding","108/3777","349/18737",0.30945558739255,1.53515206274139,5.07071035928097,9.85716218522188e-07,0.000111744374954288,9.6307775991498e-05,"4853/4209/1660/64210/26287/55662/22984/6934/10579/406/2965/2113/2288/11331/23710/85004/79365/3164/6667/11176/8091/79039/6926/9612/6049/3146/170622/5687/4792/3091/2957/161582/9325/4088/25942/9915/4205/79447/6911/9739/79918/11060/9611/3728/6777/6774/10014/80279/54828/1655/23558/5771/6875/4087/6929/6597/1050/81/84922/3398/6801/2034/307/55818/10865/4929/6670/4780/9759/5111/8195/171023/8904/6714/8202/3275/7533/468/9978/10766/5468/9730/27086/3280/10891/3516/5481/5307/10915/4869/3159/60/196/57057/51085/2969/29969/6867/25879/10221/115426/23081/3301/8013/5887/9314/6256/190",108
"GO:0043021","GO:0043021","ribonucleoprotein complex binding","62/3777","174/18737",0.35632183908046,1.76764688876107,5.11161540605923,1.37988310249481e-06,0.000143392852400919,0.000123584267337474,"26135/1660/3192/23560/10196/8531/11052/121053/7374/79612/283/10419/6729/1965/6176/4706/50628/708/51009/1984/84282/4830/1655/85451/6730/9775/55364/27335/92609/6626/4528/55037/51776/29789/55759/6628/3692/9584/54915/24148/23481/7866/83939/7345/80155/55319/23107/6728/2107/10146/23367/25929/4869/10399/23480/90459/23246/79048/92399/1654/5935/8225",62
"GO:0016887","GO:0016887","ATP hydrolysis activity","123/3777","418/18737",0.294258373205742,1.45976148762404,4.77656820469427,3.22591621222264e-06,0.000293719456329254,0.000253144443432379,"9557/57198/477/1660/493/1763/9188/6832/1244/56652/9126/89797/51202/55729/5965/1663/55605/9416/10576/490/488/79039/23457/57696/57647/317781/10257/22985/6729/3306/5890/27030/1778/3320/57194/54617/79895/4643/80119/10845/10131/4363/10847/94160/80205/11269/6687/1973/1107/10693/5892/1659/8714/79665/11325/1655/23461/9775/57674/80179/498/5205/374868/10347/9361/4650/5704/79934/9704/1653/79677/3797/11321/6683/10575/10574/1768/8886/55137/29789/5378/3329/7520/617/10058/55614/10079/51750/523/8607/5217/170506/9319/22948/1767/23517/3796/1105/10111/3313/10146/102157402/3326/23195/60/8701/54606/908/4176/5379/1080/4173/29028/23137/55582/19/64794/54863/1654/546/538/286410/8653",123
"GO:0000287","GO:0000287","magnesium ion binding","76/3777","231/18737",0.329004329004329,1.63212976239188,4.85738004273735,3.29757208388897e-06,0.000293719456329254,0.000253144443432379,"2023/65018/23139/5236/5567/57198/8872/55149/1326/3688/5464/11128/387712/9024/7465/2011/60496/120892/8445/6996/4598/5901/10914/57194/22909/79895/80119/5315/283871/5347/2027/57048/5430/5636/64132/4830/2081/8877/284131/3607/5205/374868/5609/10994/390916/10054/246243/5495/2956/10797/25885/51776/10056/129563/248/2139/10079/8566/150223/64781/7086/8801/141/170506/58478/375449/2729/2770/6009/2669/6788/10783/6197/5631/3251/286410",76
"GO:0003779","GO:0003779","actin binding","127/3777","441/18737",0.287981859410431,1.42862486094076,4.57682925399476,7.33591372599248e-06,0.000609858961087508,0.000525611783455321,"9696/3068/8407/55740/3192/10529/6840/3688/653145/3778/3983/57698/80313/4046/9645/55742/54961/4647/2059/121512/120892/51474/5074/283431/283/10979/2764/23224/26030/6710/87/79789/51466/64423/342184/54617/29766/55930/4643/83660/390594/10391/4649/226/84501/4641/5216/4628/8522/23164/2314/399687/85464/8851/3927/84951/4635/84687/25794/5034/201176/80179/55364/4645/126353/4650/53827/81/57731/634/7408/130271/5581/6711/55704/10097/84168/119/9168/822/114793/7456/4430/7145/79083/55612/11034/2036/1859/7533/11078/9463/29780/85358/1605/2317/5217/60312/22998/57619/23022/4651/4131/8507/133746/1729/1627/5071/6624/23242/1956/3092/55607/55971/830/800/57180/114/5747/5339/7169/7094/2934/81873/1730/5358/2316",127
"GO:0031267","GO:0031267","small GTPase binding","88/3777","284/18737",0.309859154929577,1.53715408681903,4.58321993229244,9.03621487716686e-06,0.000664921257192613,0.000573067660147434,"7813/9181/2665/51196/79803/22841/1793/10527/392/10938/10435/4296/9610/54843/23085/8531/2059/636/121512/10059/120892/11260/55785/22895/92558/9735/8408/64328/3843/79711/5875/5583/26030/79890/9950/64423/11214/23214/10204/9501/4641/83547/9905/5216/1856/83871/28964/3837/23580/332/57521/4645/4650/84079/126432/64857/56848/10602/7514/26056/5903/114793/11069/23677/79083/54453/29107/1434/9681/11135/26088/11078/5905/51735/1729/26999/221472/23039/80005/51571/10397/203228/9853/19/6792/538/1730/2316",88
"GO:0051020","GO:0051020","GTPase binding","96/3777","316/18737",0.30379746835443,1.50708317833121,4.56785467299948,9.0646843402361e-06,0.000664921257192613,0.000573067660147434,"2023/4904/7813/9181/2665/51196/79803/22841/1793/664/10527/392/10938/10435/4296/9610/54843/23085/8531/2059/636/121512/10059/120892/11260/55785/22895/92558/9735/8408/64328/3843/79711/5875/5583/26030/79890/9950/3320/64423/11214/23214/10204/9501/4641/83547/9905/5216/1856/83871/28964/3837/23580/332/57521/4645/4650/84079/126432/64857/10567/56848/10602/6711/7514/26056/5903/114793/11069/23677/79083/54453/29107/1434/9681/11135/26088/11078/5905/9255/51735/1729/26999/221472/23039/80005/51571/10397/203228/9853/3376/19/6792/538/1730/2316",96
"GO:0008135","GO:0008135","translation factor activity, RNA binding","34/3777","83/18737",0.409638554216867,2.03214127359318,4.7352001376915,1.16144875898581e-05,0.00080462589025295,0.000693473206388606,"8672/8661/8665/10480/1975/10985/8562/1967/1965/1983/2935/29904/1984/1973/27335/8890/4528/1933/3692/8664/80325/83939/85476/1981/2107/1915/8662/7458/10987/3646/27161/1936/1964/1968",34
"GO:0003743","GO:0003743","translation initiation factor activity","24/3777","51/18737",0.470588235294118,2.33450139388559,4.79503831806838,1.40914697970012e-05,0.000924845412466341,0.000797085355276355,"8672/8661/8665/10480/1975/8562/1967/1965/1983/1973/27335/8890/4528/3692/8664/83939/1981/8662/7458/10987/3646/27161/1964/1968",24
"GO:0003714","GO:0003714","transcription corepressor activity","67/3777","205/18737",0.326829268292683,1.62133968758274,4.49459965369635,1.55826662019063e-05,0.00097157923768886,0.000837363273270862,"2023/3068/55758/359948/3192/57713/55662/1488/595/10413/1822/55729/10138/5036/4665/8091/5074/79039/9612/3146/328/10419/91748/7090/25942/22980/10514/708/2874/9611/5245/10140/284252/4092/440498/6597/8725/79047/126374/4294/602/10848/10155/3398/57504/10865/57761/3397/57727/23543/10766/23429/84864/25937/6478/79718/55689/10409/10915/117608/5071/29883/7091/7088/6907/190/51132",67
"GO:0140097","GO:0140097","catalytic activity, acting on DNA","78/3777","249/18737",0.313253012048193,1.5539903856889,4.42184046416275,1.85534589776139e-05,0.00110172206405165,0.000949527900558587,"9557/6944/1660/1763/6832/23063/56652/89797/57804/5883/6188/4361/440081/5965/1663/10728/8091/6996/121642/7374/57634/328/5890/27030/23405/7517/22909/54617/80119/64782/3669/4350/4913/10847/80205/79068/1107/399687/3980/5892/146956/4830/2186/284131/6597/2067/5424/1653/2956/56655/5378/7520/5111/92667/7150/51750/1776/8607/6596/170506/1105/10111/10146/3159/5980/4176/5379/252969/4173/54108/116447/6595/54107/23064/5422/1654/546/1736",78
"GO:0019902","GO:0019902","phosphatase binding","63/3777","191/18737",0.329842931937173,1.63628991678761,4.44112228480665,2.00209087517653e-05,0.00113482150970233,0.000978054920361358,"6548/343521/23139/3716/2029/493/163882/5507/81846/54843/65125/6778/29110/51434/5501/5829/51433/2308/11215/8660/90673/3958/145376/3320/7187/161742/10776/4088/7531/1742/3728/2648/6774/84687/8877/4087/5609/3718/57731/634/3783/26751/6801/5534/6772/140885/54976/26133/5770/4773/9814/57577/153769/91272/10399/2768/1956/4233/63898/114/5747/7186/1741",63
"GO:0016922","GO:0016922","nuclear receptor binding","48/3777","137/18737",0.35036496350365,1.73809592829438,4.35675116031336,3.37552720672046e-05,0.00183012279425236,0.00157730584808311,"64210/6934/10579/2965/2288/11331/85004/3164/11176/79039/9612/6049/3091/161582/9325/4088/79447/9611/3728/6777/54828/1655/23558/6597/81/6801/55818/10865/4929/5111/171023/6714/8202/3275/7533/10766/5468/9730/27086/10891/5481/3159/6867/25879/23081/8013/6256/190",48
"GO:0004725","GO:0004725","protein tyrosine phosphatase activity","37/3777","98/18737",0.377551020408163,1.87296093973729,4.3535414127835,4.24351110826343e-05,0.00220485764666854,0.00190027405330569,"8073/5792/54935/5784/27143/5728/1847/54961/1850/5777/80824/1848/1033/11099/283871/85464/11072/1845/5771/92609/5794/1844/285193/5786/994/2139/5770/5783/1843/7803/2070/7957/5782/1846/5747/5774/63904",37
"GO:0030695","GO:0030695","GTPase regulator activity","135/3777","491/18737",0.274949083503055,1.36397166470658,4.10648858874664,4.63775976819153e-05,0.00222434093497494,0.00191706587988808,"7813/8412/9181/28956/6004/23179/84033/57568/2665/8829/58504/51196/3257/23268/5662/6001/1793/6764/10527/23075/81846/392/10435/6494/9610/29984/9828/9743/55200/121512/10059/120892/57522/64786/440107/55785/54509/1967/192111/221178/90627/3843/22821/394/26030/79890/1983/10681/663/4649/23102/5923/11214/23568/25894/29/9905/23108/9135/2874/9744/201163/3996/140775/28964/57636/10672/9267/125058/396/6904/201176/57572/4650/84079/23094/126432/64857/9138/2909/9266/79735/8853/8890/6654/55704/11138/5903/23550/11069/1123/1933/25791/23677/116987/9855/140885/10483/54453/57580/5905/9779/50650/8997/152/57533/23216/10144/153478/7204/64283/51735/51306/23092/51520/10636/23061/221472/3268/10156/9639/23362/80005/50807/22898/1936/80728/203228/216/2776/5998/84253/2889/5900/7410",135
"GO:0060589","GO:0060589","nucleoside-triphosphatase regulator activity","135/3777","491/18737",0.274949083503055,1.36397166470658,4.10648858874664,4.63775976819153e-05,0.00222434093497494,0.00191706587988808,"7813/8412/9181/28956/6004/23179/84033/57568/2665/8829/58504/51196/3257/23268/5662/6001/1793/6764/10527/23075/81846/392/10435/6494/9610/29984/9828/9743/55200/121512/10059/120892/57522/64786/440107/55785/54509/1967/192111/221178/90627/3843/22821/394/26030/79890/1983/10681/663/4649/23102/5923/11214/23568/25894/29/9905/23108/9135/2874/9744/201163/3996/140775/28964/57636/10672/9267/125058/396/6904/201176/57572/4650/84079/23094/126432/64857/9138/2909/9266/79735/8853/8890/6654/55704/11138/5903/23550/11069/1123/1933/25791/23677/116987/9855/140885/10483/54453/57580/5905/9779/50650/8997/152/57533/23216/10144/153478/7204/64283/51735/51306/23092/51520/10636/23061/221472/3268/10156/9639/23362/80005/50807/22898/1936/80728/203228/216/2776/5998/84253/2889/5900/7410",135
"GO:0004386","GO:0004386","helicase activity","52/3777","154/18737",0.337662337662338,1.67508054561271,4.22672676752518,5.08823143392496e-05,0.00235000911040905,0.00202537399377676,"9557/1660/1763/9188/6832/56652/89797/4361/440081/51202/5965/1663/9416/79039/57696/57647/57634/317781/23405/80119/10847/80205/11269/1973/1107/1659/79665/11325/1655/9775/6597/9704/1653/8886/7520/51750/8607/6596/170506/23517/1105/10111/10146/54606/4176/4173/6595/23064/64794/1654/546/8653",52
"GO:0043022","GO:0043022","ribosome binding","40/3777","110/18737",0.363636363636364,1.80393289527523,4.24903999765392,5.73720856869882e-05,0.00255510681613123,0.00220213907843665,"26135/1660/10196/11052/7374/79612/283/1965/4706/708/1984/4830/85451/6730/55364/27335/4528/55037/51776/29789/3692/54915/7866/83939/7345/80155/23107/6728/2107/10146/23367/25929/4869/10399/23480/90459/92399/1654/5935/8225",40
"GO:0035259","GO:0035259","nuclear glucocorticoid receptor binding","9/3777","12/18737",0.75,3.72061159650516,4.73688006995936,6.59938590408447e-05,0.00283773593875632,0.00244572522978956,"2288/3164/9612/4088/6777/4929/7533/6867/8013",9
"GO:0051880","GO:0051880","G-quadruplex DNA binding","8/3777","10/18737",0.8,3.96865236960551,4.71814597894505,8.22778499737386e-05,0.00337752454105278,0.00291094631867209,"1663/80119/4831/9361/7555/54464/170506/10111",8
"GO:0004879","GO:0004879","nuclear receptor activity","25/3777","59/18737",0.423728813559322,2.10204045000292,4.2599498873431,8.39641225121381e-05,0.00337752454105278,0.00291094631867209,"6097/2101/5139/3164/7181/2100/6095/10002/11057/6720/7067/9572/5914/6774/4929/5468/9975/10424/57491/2908/196/3174/8013/2649/6256",25
"GO:0008094","GO:0008094","ATP-dependent activity, acting on DNA","43/3777","123/18737",0.349593495934959,1.73426882005119,4.10519623746026,8.94822270111666e-05,0.0034870105338414,0.00300530769007898,"9557/6944/1660/1763/6832/23063/56652/89797/4361/440081/5965/1663/57634/5890/27030/7517/54617/80119/10847/80205/1107/399687/5892/2186/6597/1653/2956/5378/7520/51750/8607/6596/170506/1105/10111/10146/4176/5379/4173/6595/23064/1654/546",43
"GO:0000339","GO:0000339","RNA cap binding","12/3777","20/18737",0.6,2.97648927720413,4.44362574971182,0.000109168566164582,0.00402706458161291,0.00347075755524989,"8672/24138/28960/10073/55421/1973/8664/22916/55132/23367/25929/27161",12
"GO:0140101","GO:0140101","catalytic activity, acting on a tRNA","47/3777","139/18737",0.338129496402878,1.677398033916,4.0277670501784,0.000109799675841892,0.00402706458161291,0.00347075755524989,"126789/10352/6894/1787/118672/283459/79587/85495/283/112487/115708/56986/54913/124454/79068/54920/3735/60528/51651/146712/56931/81890/55621/10775/54938/391356/55006/80745/150962/79712/79828/92935/55139/10056/92675/51095/25917/80746/54931/54888/6897/2107/51520/2617/54517/3376/24140",47
"GO:0098531","GO:0098531","ligand-activated transcription factor activity","25/3777","60/18737",0.416666666666667,2.06700644250287,4.15944362037342,0.000116590977689165,0.00415396997652538,0.00358013197656052,"6097/2101/5139/3164/7181/2100/6095/10002/11057/6720/7067/9572/5914/6774/4929/5468/9975/10424/57491/2908/196/3174/8013/2649/6256",25
"GO:0140142","GO:0140142","nucleocytoplasmic carrier activity","16/3777","32/18737",0.5,2.48040773100344,4.2113720628989,0.000155984943301961,0.00540314511937626,0.00465674348278662,"5901/64328/3839/3843/79711/10073/23214/10204/3837/3838/7514/1434/3836/3840/55374/23039",16
"GO:0017017","GO:0017017","MAP kinase tyrosine/serine/threonine phosphatase activity","9/3777","13/18737",0.692307692307692,3.4344107044663,4.41176472048798,0.000175905904766786,0.00576465775137042,0.00496831601245026,"1847/1850/80824/1848/11072/1844/1843/1846/63904",9
"GO:0052650","GO:0052650","all-trans-retinol dehydrogenase (NADP+) activity","9/3777","13/18737",0.692307692307692,3.4344107044663,4.41176472048798,0.000175905904766786,0.00576465775137042,0.00496831601245026,"9249/8644/51635/145226/50700/57665/231/57016/441282",9
"GO:0008408","GO:0008408","3'-5' exonuclease activity","24/3777","58/18737",0.413793103448276,2.05275122565802,4.03467981844956,0.000180290017885683,0.00576465775137042,0.00496831601245026,"79033/5883/4361/255967/328/115752/3669/5073/4830/5442/56915/5424/87178/129563/22803/201626/25819/10111/9337/90459/29883/23404/57109/54932",24
"GO:0051015","GO:0051015","actin filament binding","64/3777","211/18737",0.303317535545024,1.50470232022958,3.7045190599452,0.000275274600266484,0.00858168566330765,0.00739619386505475,"8407/10529/6840/653145/3983/57698/4647/51474/283431/10979/6710/87/79789/55930/4643/83660/390594/10391/4649/4641/4628/8522/23164/2314/399687/8851/3927/4635/84687/25794/201176/80179/4645/126353/4650/81/57731/6711/10097/84168/119/822/114793/4430/55612/11034/11078/9463/2317/57619/4651/6624/1956/3092/55607/830/57180/5339/7169/7094/2934/81873/5358/2316",64
"GO:0016741","GO:0016741","transferase activity, transferring one-carbon groups","65/3777","216/18737",0.300925925925926,1.49283798625207,3.66053841273947,0.000316234279613172,0.00961814991896646,0.00828947880577787,"113802/56950/6894/4548/64216/1787/118881/23378/10196/56981/645332/51111/55199/4839/10436/254013/8085/25895/11108/56339/10419/79609/115708/2628/196483/9739/79918/2653/114826/79066/10400/79922/117246/124512/55621/9757/2091/3276/790/55006/80745/79823/10322/29081/79828/151194/471/2618/63977/3275/25917/54931/80854/54888/27292/114049/56257/85002/653333/115294/63978/138199/28989/8623/24140",65
"GO:0004532","GO:0004532","RNA exonuclease activity","18/3777","40/18737",0.45,2.2323669579031,3.92039847603973,0.000331879393914168,0.00985365724311826,0.00849245266131241,"79033/28960/255967/115752/3669/5073/5442/56915/87178/129563/22803/201626/54464/25819/9337/90459/29883/23404",18
"GO:0004721","GO:0004721","phosphoprotein phosphatase activity","55/3777","178/18737",0.308988764044944,1.53283623826055,3.58899293465346,0.00043196234486107,0.012526908000971,0.0107964150331249,"8073/5792/54935/5784/27143/5728/5507/1847/54961/1850/5777/80824/57460/1848/5501/192111/90673/1033/11099/283871/10295/57546/23399/85464/11072/1845/55379/5771/92609/5536/5794/5496/5495/5534/1844/7145/58190/285193/5786/994/2139/5770/5783/1843/7803/2070/7957/64759/5782/5533/1846/54704/5747/5774/63904",55
"GO:0005096","GO:0005096","GTPase activator activity","78/3777","272/18737",0.286764705882353,1.42258678689903,3.52753916523905,0.000453047040328374,0.0128397649838519,0.0110660533056285,"7813/6004/57568/2665/8829/58504/6001/1793/392/10435/6494/9610/9743/55200/10059/120892/57522/64786/192111/90627/22821/394/79890/1983/10681/663/4649/23102/29/9905/23108/9135/9744/201163/3996/140775/28964/57636/125058/396/6904/201176/4650/84079/23094/126432/9138/2909/79735/8853/6654/11138/5903/1123/116987/10483/54453/57580/5905/9779/57533/23216/10144/51306/23092/51520/10636/23061/3268/10156/80005/50807/80728/203228/216/2776/5998/84253",78
"GO:0008186","GO:0008186","ATP-dependent activity, acting on RNA","29/3777","79/18737",0.367088607594937,1.82105884048354,3.67452678420738,0.000475755464189976,0.0131837125298867,0.0113624872266191,"1660/9188/6832/440081/51202/1663/9416/79039/57696/57647/317781/80119/11269/1973/1659/79665/11325/1655/9775/9704/1653/8886/170506/23517/10146/54606/64794/1654/8653",29
"GO:0016896","GO:0016896","RNA exonuclease activity, producing 5'-phosphomonoesters","17/3777","38/18737",0.447368421052632,2.2193121803715,3.78045135584931,0.00052560146811508,0.0142483702334675,0.0122800709140846,"79033/255967/115752/3669/5073/5442/56915/87178/129563/22803/201626/54464/25819/9337/90459/29883/23404",17
"GO:0140104","GO:0140104","molecular carrier activity","34/3777","98/18737",0.346938775510204,1.72109924192076,3.59619230314422,0.000546314833995364,0.0143525313770995,0.0123698430220053,"6944/9531/144108/23788/80824/4673/11137/5901/64328/3839/3843/79711/26520/10073/3049/4706/23214/10204/55135/6341/3837/3838/114757/7514/1434/4151/3836/3840/55374/23039/1191/220869/2395/538",34
"GO:0051536","GO:0051536","iron-sulfur cluster binding","28/3777","76/18737",0.368421052631579,1.82766885442359,3.63280500317779,0.000552463116359884,0.0143525313770995,0.0123698430220053,"55847/1763/10539/6188/440081/1663/23479/3658/4913/654483/1801/9851/51629/55316/284106/4729/7386/5424/7498/10621/51750/50/26234/5471/317671/5980/2395/81689",28
"GO:0000175","GO:0000175","3'-5'-RNA exonuclease activity","16/3777","35/18737",0.457142857142857,2.26780135406029,3.77213599396483,0.00056808706886186,0.0144572362218518,0.0124600837230496,"79033/255967/115752/3669/5073/5442/56915/87178/129563/22803/201626/25819/9337/90459/29883/23404",16
"GO:0004527","GO:0004527","exonuclease activity","30/3777","84/18737",0.357142857142857,1.7717198078596,3.56181271502939,0.00065394761677342,0.0163094535623291,0.0140564319310666,"79033/5883/4361/28960/255967/328/22909/115752/64782/3669/5073/4830/5442/56915/5424/1653/87178/129563/92667/22803/201626/54464/25819/10111/9337/90459/29883/23404/57109/54932",30
"GO:0051540","GO:0051540","metal cluster binding","28/3777","77/18737",0.363636363636364,1.80393289527523,3.55185703570308,0.00070324982432222,0.0171951476652903,0.0148197744196695,"55847/1763/10539/6188/440081/1663/23479/3658/4913/654483/1801/9851/51629/55316/284106/4729/7386/5424/7498/10621/51750/50/26234/5471/317671/5980/2395/81689",28
"GO:0050780","GO:0050780","dopamine receptor binding","9/3777","15/18737",0.6,2.97648927720413,3.84777887675871,0.000829594091015994,0.0196418497301155,0.0169284840032481,"55737/409/1742/84687/10672/27131/2768/2770/858",9
"GO:0005522","GO:0005522","profilin binding","7/3777","10/18737",0.7,3.47257082340482,3.92971242020316,0.00090555187430524,0.0196418497301155,0.0169284840032481,"55740/2017/51466/71/7408/7456/1627",7
"GO:0008190","GO:0008190","eukaryotic initiation factor 4E binding","7/3777","10/18737",0.7,3.47257082340482,3.92971242020316,0.00090555187430524,0.0196418497301155,0.0169284840032481,"3087/23357/1981/8637/23367/1978/1654",7
"GO:0008330","GO:0008330","protein tyrosine/threonine phosphatase activity","7/3777","10/18737",0.7,3.47257082340482,3.92971242020316,0.00090555187430524,0.0196418497301155,0.0169284840032481,"1847/1850/80824/1848/1844/1843/1846",7
"GO:0033550","GO:0033550","MAP kinase tyrosine phosphatase activity","7/3777","10/18737",0.7,3.47257082340482,3.92971242020316,0.00090555187430524,0.0196418497301155,0.0169284840032481,"1847/1850/80824/1848/1844/1843/1846",7
"GO:0034511","GO:0034511","U3 snoRNA binding","7/3777","10/18737",0.7,3.47257082340482,3.92971242020316,0.00090555187430524,0.0196418497301155,0.0169284840032481,"27042/57647/3669/55720/7520/4809/9136",7
"GO:0001217","GO:0001217","DNA-binding transcription repressor activity","78/3777","278/18737",0.280575539568345,1.39188347495157,3.30766408744724,0.000913574406051883,0.0196418497301155,0.0169284840032481,"2023/6097/51043/3068/55509/55657/3087/4601/64376/7753/2120/79365/5463/11016/7181/2004/6926/1045/2308/3091/22890/4149/4088/10127/79759/463/4335/57659/9572/5914/1748/6909/3607/6929/83855/27033/2077/3661/84878/7593/1876/4084/84524/6670/9208/3170/64412/60436/6615/1051/4773/7022/10732/140685/23598/5468/9975/4286/27086/26137/6498/3280/7690/2908/83463/94234/57621/7975/221937/5814/51085/9569/6591/65986/169792/4799/9925/80712",78
"GO:0048156","GO:0048156","tau protein binding","18/3777","43/18737",0.418604651162791,2.07662042595637,3.55133677200436,0.000957656279364226,0.0198115399682254,0.0170747328810688,"9024/2011/2288/3306/5641/3320/10273/9344/57551/26574/4087/2931/57787/5536/1859/3326/60/1191",18
"GO:0033549","GO:0033549","MAP kinase phosphatase activity","10/3777","18/18737",0.555555555555556,2.75600859000382,3.745136929409,0.000966042537573109,0.0198115399682254,0.0170747328810688,"1847/1850/80824/1848/11072/1845/1844/1843/1846/63904",10
"GO:0008106","GO:0008106","alcohol dehydrogenase (NADP+) activity","14/3777","30/18737",0.466666666666667,2.31504721560321,3.62197989104857,0.000969129060193867,0.0198115399682254,0.0170747328810688,"9249/10327/1645/1646/8644/728635/51635/145226/218/50700/57665/231/57016/441282",14
"GO:0019903","GO:0019903","protein phosphatase binding","45/3777","144/18737",0.3125,1.55025483187715,3.33055423984297,0.00105505741435016,0.0209133608670036,0.0180243459631205,"6548/343521/3716/2029/493/5507/6778/29110/51434/5501/5829/51433/2308/11215/8660/90673/3958/3320/7187/10776/7531/1742/3728/2648/6774/84687/8877/5609/3718/634/3783/6801/6772/140885/54976/5770/153769/91272/10399/2768/1956/4233/114/5747/7186",45
"GO:0030331","GO:0030331","nuclear estrogen receptor binding","17/3777","40/18737",0.425,2.10834657135293,3.52586555602665,0.00107334009261286,0.0209133608670036,0.0180243459631205,"64210/11331/85004/79039/161582/9325/79447/23558/6801/10865/5111/6714/3275/9730/5481/6867/25879",17
"GO:0061650","GO:0061650","ubiquitin-like protein conjugating enzyme activity","17/3777","40/18737",0.425,2.10834657135293,3.52586555602665,0.00107334009261286,0.0209133608670036,0.0180243459631205,"55585/51506/92912/7326/27338/57448/140739/11065/7325/7324/64422/3093/83734/7322/7328/54926/7319",17
"GO:0008168","GO:0008168","methyltransferase activity","60/3777","205/18737",0.292682926829268,1.45194598888006,3.26925243261448,0.00112822647373027,0.0216445909652562,0.0186545624239451,"113802/56950/6894/4548/64216/1787/118881/23378/10196/56981/645332/51111/55199/4839/10436/254013/8085/25895/11108/56339/10419/79609/115708/196483/9739/79918/114826/79066/10400/79922/117246/124512/55621/9757/2091/3276/55006/80745/79823/10322/29081/79828/151194/63977/3275/25917/54931/80854/54888/27292/114049/56257/85002/653333/115294/63978/138199/28989/8623/24140",60
"GO:0017069","GO:0017069","snRNA binding","21/3777","54/18737",0.388888888888889,1.92920601300268,3.43583040836224,0.00118286461829002,0.0223489724092068,0.0192616391590767,"3192/9188/904/9733/26827/3669/6627/23450/79066/1984/9343/10614/8161/6626/905/6629/4809/22916/25929/56257/9128",21
"GO:0016791","GO:0016791","phosphatase activity","76/3777","273/18737",0.278388278388278,1.38103287587005,3.18659603131461,0.00133564386063612,0.0248589237942275,0.0214248606710052,"8073/5792/54935/477/5784/5209/27143/5728/5507/118924/22978/1847/64077/3632/54961/1850/5777/80824/57460/1848/51559/5501/192111/90673/1033/11099/283871/10295/57546/23399/56953/85464/11072/1845/92579/55379/30833/3613/5771/390928/92609/5536/11284/5794/23175/5496/5495/5534/1844/3628/7145/58190/248/285193/5786/994/140838/2139/5770/58478/5783/25819/8611/1843/7803/2070/7957/8871/64759/5782/5533/1846/54704/5747/5774/63904",76
"GO:0016620","GO:0016620","oxidoreductase activity, acting on the aldehyde or oxo group of donors, NAD or NADP as acceptor","17/3777","41/18737",0.414634146341463,2.05692348424676,3.4041388103297,0.00149292249834609,0.0273592733237357,0.0235798067475914,"8644/5832/84188/8050/222/221/2597/8854/220/224/218/26330/501/231/57016/219/216",17
"GO:0004674","GO:0004674","protein serine/threonine kinase activity","112/3777","429/18737",0.261072261072261,1.29513130942837,3.10720289902544,0.00152423137929112,0.0273592733237357,0.0235798067475914,"65018/1263/23139/5567/5565/9261/84033/84451/10000/57118/1326/2869/282974/9024/2011/4296/65125/120892/269/1019/29110/8445/9891/283455/10645/8408/8814/11183/5583/83694/57143/5891/5597/5315/25989/79705/29904/5347/9344/10295/84254/50488/9212/6416/5598/9706/5606/8844/284086/57551/9020/2081/5578/9625/1453/2872/5609/11184/10298/9149/4294/208/8425/2931/57787/646643/100130827/1196/4052/5610/5581/7444/51776/10494/140901/7150/112858/1859/1454/415116/7048/9730/5580/8997/545/55351/658/817/7204/10769/375449/1456/6793/2870/83732/56975/9263/1956/1021/51422/3551/6788/203054/9833/140803/23552/65268/10783/6792/6197/5255/5616",112
"GO:0051537","GO:0051537","2 iron, 2 sulfur cluster binding","13/3777","28/18737",0.464285714285714,2.30323575021748,3.46755092310459,0.00155368555450559,0.0273592733237357,0.0235798067475914,"55847/23479/654483/9851/51629/284106/4729/7386/7498/26234/317671/2395/81689",13
"GO:0004029","GO:0004029","aldehyde dehydrogenase (NAD+) activity","9/3777","16/18737",0.5625,2.79045869737887,3.60002827094047,0.00155774531354068,0.0273592733237357,0.0235798067475914,"222/221/8854/220/224/218/501/219/216",9
"GO:0003724","GO:0003724","RNA helicase activity","27/3777","77/18737",0.350649350649351,1.73950672044397,3.26721566363993,0.00162658479171864,0.0281715449343493,0.0242798694787242,"1660/9188/6832/440081/51202/9416/79039/57696/57647/317781/11269/1973/1659/79665/11325/1655/9775/9704/1653/8886/170506/23517/10146/54606/64794/1654/8653",27
"GO:0070034","GO:0070034","telomerase RNA binding","11/3777","22/18737",0.5,2.48040773100344,3.49095221081856,0.00169006359510822,0.0288699904534241,0.0248818302899134,"3192/5073/64282/55135/6628/54464/170506/54433/92345/55651/1736",11
"GO:0005085","GO:0005085","guanyl-nucleotide exchange factor activity","65/3777","230/18737",0.282608695652174,1.4019695870889,3.08201846093575,0.00191365649972215,0.0318550686779803,0.0274545436375452,"8412/9181/28956/23179/84033/51196/3257/23268/5662/1793/6764/23075/81846/9610/29984/9828/55200/121512/440107/55785/54509/1967/221178/26030/79890/5923/11214/25894/29/140775/10672/9267/57572/84079/126432/64857/9138/9266/8890/6654/55704/23550/11069/1933/25791/9855/54453/57580/50650/8997/152/153478/7204/64283/51735/221472/9639/23362/80005/22898/1936/203228/2889/5900/7410",65
"GO:0031490","GO:0031490","chromatin DNA binding","40/3777","128/18737",0.3125,1.55025483187715,3.13872644309755,0.00193794080183502,0.0318550686779803,0.0274545436375452,"1660/3020/3192/5927/100287314/5094/8091/2308/328/4088/92822/23135/5187/7067/5914/6774/6603/23558/22904/53615/6597/1050/81/55818/84969/1051/6599/55167/10891/860/60/29803/55806/63978/100507056/9314/54107/7543/8473/546",40
"GO:0001227","GO:0001227","DNA-binding transcription repressor activity, RNA polymerase II-specific","74/3777","268/18737",0.276119402985075,1.36977740368847,3.06360105001034,0.00194144764998116,0.0318550686779803,0.0274545436375452,"2023/6097/3068/55509/55657/3087/4601/64376/7753/2120/79365/5463/11016/7181/2004/6926/1045/2308/22890/4149/10127/79759/463/4335/57659/9572/1748/6909/3607/6929/83855/27033/2077/3661/84878/7593/1876/4084/84524/6670/9208/3170/64412/60436/6615/1051/4773/7022/10732/140685/23598/5468/9975/4286/27086/26137/6498/3280/7690/2908/83463/94234/57621/7975/221937/5814/51085/9569/6591/65986/169792/4799/9925/80712",74
"GO:0034713","GO:0034713","type I transforming growth factor beta receptor binding","7/3777","11/18737",0.636363636363636,3.15688256673165,3.59539382162078,0.00205624294967081,0.032468169550074,0.0279829494877184,"10979/4091/4087/4092/7040/2280/7048",7
"GO:0016763","GO:0016763","pentosyltransferase activity","19/3777","49/18737",0.387755102040816,1.92358150567614,3.25265491205075,0.00207475361602833,0.032468169550074,0.0279829494877184,"283464/10329/144811/4860/54956/56965/23475/353/64132/81890/22933/1890/7372/25976/5471/7378/10135/4507/3251",19
"GO:0008173","GO:0008173","RNA methyltransferase activity","24/3777","67/18737",0.358208955223881,1.77700852370396,3.20137950198543,0.00207694876240629,0.032468169550074,0.0279829494877184,"113802/6894/64216/1787/4839/10436/56339/115708/79066/79922/117246/55621/2091/55006/80745/29081/79828/25917/54931/54888/27292/114049/56257/24140",24
"GO:0106310","GO:0106310","protein serine kinase activity","96/3777","363/18737",0.264462809917355,1.3119511965638,3.01567299406782,0.00208296195990852,0.032468169550074,0.0279829494877184,"65018/1263/23139/5567/9261/84033/84451/10000/57118/1326/282974/9024/2011/4296/65125/120892/1019/29110/8445/9891/283455/10645/8408/8814/11183/5583/83694/5891/5597/25989/79705/5347/9344/10295/84254/50488/9212/6416/5598/9706/5606/8844/284086/57551/9020/2081/5578/9625/1453/2872/5609/11184/10298/9149/4294/208/2931/57787/646643/100130827/1196/5610/5581/7444/51776/10494/140901/112858/1859/1454/415116/9730/5580/8997/545/55351/817/7204/10769/375449/1456/6793/83732/56975/9263/1021/3551/6788/9833/140803/23552/65268/10783/6792/6197/5616",96
"GO:0008757","GO:0008757","S-adenosylmethionine-dependent methyltransferase activity","50/3777","169/18737",0.29585798816568,1.46769688225056,3.06881987325932,0.00216983930946735,0.033404810109948,0.0287902005843556,"56950/6894/64216/1787/118881/23378/10196/51111/4839/10436/254013/8085/25895/56339/10419/79609/115708/196483/9739/79918/79066/10400/79922/117246/124512/55621/9757/2091/3276/55006/80745/79823/10322/29081/79828/151194/3275/25917/54931/80854/54888/27292/114049/56257/85002/653333/115294/138199/28989/24140",50
"GO:0016796","GO:0016796","exonuclease activity, active with either ribo- or deoxyribonucleic acids and producing 5'-phosphomonoesters","22/3777","60/18737",0.366666666666667,1.81896566940252,3.19252198788108,0.00223186730432863,0.0339407137621684,0.0292520733981969,"79033/5883/4361/255967/328/115752/3669/5073/5442/56915/5424/87178/129563/92667/22803/201626/54464/25819/9337/90459/29883/23404",22
"GO:0004033","GO:0004033","aldo-keto reductase (NADPH) activity","15/3777","36/18737",0.416666666666667,2.06700644250287,3.21982309731604,0.00263442973473591,0.0393411490769016,0.0339064814143557,"8514/9249/10327/1645/1646/8644/728635/51635/145226/218/50700/57665/231/57016/441282",15
"GO:0008649","GO:0008649","rRNA methyltransferase activity","11/3777","23/18737",0.478260869565217,2.37256391661199,3.30947662104078,0.0026538510212267,0.0393411490769016,0.0339064814143557,"64216/4839/10436/79066/79922/117246/2091/55006/29081/27292/114049",11
"GO:0004030","GO:0004030","aldehyde dehydrogenase [NAD(P)+] activity","9/3777","17/18737",0.529411764705882,2.62631406812129,3.37071545097033,0.00272093587284965,0.0393411490769016,0.0339064814143557,"222/221/8854/220/224/218/501/219/216",9
"GO:0016757","GO:0016757","glycosyltransferase activity","73/3777","267/18737",0.273408239700375,1.3563278229457,2.94657874607678,0.00273185783334794,0.0393411490769016,0.0339064814143557,"8704/8703/2590/148789/338707/374378/26229/79053/1798/2998/283464/11226/283417/10329/50614/144811/4860/5836/2530/29954/9245/54956/56965/3073/22856/23475/3038/6483/353/64132/146712/81890/10331/147991/22933/2997/79623/8869/84620/79712/93010/54579/5834/23509/8813/1890/2632/7372/6184/25976/10195/5471/58505/7903/55568/4245/7957/3955/23333/554236/7378/349152/10135/55790/84750/2131/6482/4507/84302/8473/79868/29071/3251",73
"GO:0061608","GO:0061608","nuclear import signal receptor activity","10/3777","20/18737",0.5,2.48040773100344,3.32831449653239,0.00274473133094662,0.0393411490769016,0.0339064814143557,"3839/3843/79711/10073/10204/3837/3838/3836/3840/55374",10
"GO:0042578","GO:0042578","phosphoric ester hydrolase activity","95/3777","363/18737",0.261707988980716,1.29828503826626,2.88356045542552,0.00306119122586544,0.0433784711210705,0.0373860794450791,"8073/5792/5142/54935/477/5784/5209/27143/5728/5507/118924/51196/22978/1847/64077/3632/1128/54961/1850/5777/80824/5139/57460/1848/51559/5501/192111/328/90673/1033/11099/22909/5151/283871/10295/57546/23399/56985/201164/56953/85464/11072/1267/1845/92579/113026/55379/30833/3613/5771/390928/92609/5536/11284/5794/23175/5496/5495/5534/1844/55627/3628/7145/58190/248/285193/5786/994/56261/5332/140838/2139/5770/257068/58478/5783/25819/8611/5144/1843/7803/2070/7957/8871/10846/5137/64759/5782/222236/5533/1846/54704/5747/5774/63904",95
"GO:0140993","GO:0140993","histone modifying activity","112/3777","438/18737",0.255707762557078,1.26851902224834,2.85722583479421,0.00318400758071603,0.0442239150759784,0.038114732024289,"65018/23139/9261/56950/84033/10000/84333/282974/9024/10196/2011/79829/10524/22992/51111/5927/65125/120892/8085/25895/29110/9891/283455/64426/8408/10419/79609/11183/83694/9960/5315/25989/79705/196483/9344/10847/9739/50488/23135/9706/23326/8844/284086/57551/2648/10014/4591/2081/5578/124512/57602/9625/1453/2872/23030/9757/11184/22933/10298/2091/208/2931/57787/3276/646643/100130827/5610/7444/10322/55818/151194/9759/10494/140901/57325/7052/112858/2139/8202/1859/3275/1454/415116/9730/84864/80218/8997/55167/545/55351/79960/80854/7204/375449/1456/23338/6793/83732/56975/9263/55806/3551/6788/23081/9833/140803/65268/10783/28989/6197/10075/5616",112
"GO:0019887","GO:0019887","protein kinase regulator activity","67/3777","243/18737",0.275720164609054,1.36779685577968,2.89962514281946,0.00319178216266083,0.0442239150759784,0.038114732024289,"219771/54619/85450/55742/2011/595/7481/65125/9052/904/1019/10985/28984/81617/2764/5583/801/161742/11261/54956/6176/56965/5151/51704/9344/54920/140775/57551/8851/10614/5573/55890/9021/57521/126308/3643/11140/898/7040/245711/805/55704/7039/27429/905/51776/57761/57018/10309/1946/10111/79616/4869/10399/55003/3326/1956/7532/6009/51422/3084/4683/6788/10221/1164/1654/92002",67
"GO:0004518","GO:0004518","nuclease activity","59/3777","210/18737",0.280952380952381,1.39375291551622,2.88321489977753,0.00346115580901276,0.0474292449872408,0.0408772710353039,"79033/1763/5883/6188/4361/85463/28960/60314/255967/85495/328/122651/283/23405/7517/22909/115752/54913/64782/3669/4913/5073/28987/60528/201164/146956/4830/2081/284131/5442/10775/56915/2067/11284/5424/246243/1653/87178/7247/55139/129563/92667/22803/80746/201626/1776/54464/25819/10111/10146/9337/90459/29883/10247/27161/10171/23404/57109/54932",59
